{
  "attributes": {
    "title": "HTTP Methods",
    "visState": "{\"title\":\"HTTP Methods\",\"type\":\"pie\",\"params\":{\"type\":\"pie\",\"addTooltip\":true,\"addLegend\":true,\"legendPosition\":\"right\",\"isDonut\":true,\"labels\":{\"show\":false,\"values\":true,\"last_level\":true,\"truncate\":100}},\"aggs\":[{\"id\":\"1\",\"enabled\":true,\"type\":\"count\",\"schema\":\"metric\",\"params\":{}},{\"id\":\"2\",\"enabled\":true,\"type\":\"terms\",\"schema\":\"segment\",\"params\":{\"field\":\"httpMethod\",\"size\":10,\"order\":\"desc\",\"orderBy\":\"1\",\"otherBucket\":false,\"otherBucketLabel\":\"Other\",\"missingBucket\":false,\"missingBucketLabel\":\"Missing\",\"customLabel\":\"\"}}]}",
    "uiStateJSON": "{}",
    "description": "",
    "version": 1,
    "kibanaSavedObjectMeta": {
      "searchSourceJSON": "{\"index\":\"awswaf\",\"query\":{\"language\":\"lucene\",\"query\":\"\"},\"filter\":[]}"
    }
  }
}
