{
   "attributes": {
     "title": "Top 20 Countries",
     "visState": "{\"title\":\"Top 20 Countries\",\"type\":\"table\",\"params\":{\"perPage\":20,\"showPartialRows\":false,\"showMetricsAtAllLevels\":false,\"sort\":{\"columnIndex\":null,\"direction\":null},\"showTotal\":false,\"totalFunc\":\"sum\"},\"aggs\":[{\"id\":\"1\",\"enabled\":true,\"type\":\"count\",\"schema\":\"metric\",\"params\":{}},{\"id\":\"2\",\"enabled\":true,\"type\":\"terms\",\"schema\":\"bucket\",\"params\":{\"field\":\"req_country_code\",\"size\":20,\"order\":\"desc\",\"orderBy\":\"1\",\"otherBucket\":false,\"otherBucketLabel\":\"Other\",\"missingBucket\":false,\"missingBucketLabel\":\"Missing\",\"customLabel\":\"Country\"}}]}",
     "uiStateJSON": "{\"vis\":{\"params\":{\"sort\":{\"columnIndex\":null,\"direction\":null}}}}",
     "description": "",
     "version": 1,
     "kibanaSavedObjectMeta": {
       "searchSourceJSON": "{\"index\":\"awswaf\",\"query\":{\"query\":\"\",\"language\":\"lucene\"},\"filter\":[]}"
     }
    }
}
