{
   "attributes": {
     "title": "Countries By Number of Request",
     "visState": "{\"title\":\"Countries By Number of Request\",\"type\":\"region_map\",\"params\":{\"legendPosition\":\"bottomright\",\"addTooltip\":true,\"colorSchema\":\"Yellow to Red\",\"selectedLayer\":{\"name\":\"World Countries\",\"origin\":\"elastic_maps_service\",\"id\":\"world_countries\",\"created_at\":\"2017-04-26T17:12:15.978370\",\"attribution\":\"<a href=\\\"http://www.naturalearthdata.com/about/terms-of-use\\\">Made with NaturalEarth</a> | <a href=\\\"https://www.elastic.co/elastic-maps-service\\\">Elastic Maps Service</a>\",\"fields\":[{\"type\":\"id\",\"name\":\"iso2\",\"description\":\"ISO 3166-1 alpha-2 code\"},{\"type\":\"id\",\"name\":\"iso3\",\"description\":\"ISO 3166-1 alpha-3 code\"},{\"type\":\"property\",\"name\":\"name\",\"description\":\"name\"}],\"format\":{\"type\":\"geojson\"},\"layerId\":\"elastic_maps_service.World Countries\",\"isEMS\":true},\"emsHotLink\":\"https://maps.elastic.co/v6.7?locale=en#file/world_countries\",\"selectedJoinField\":{\"type\":\"id\",\"name\":\"iso2\",\"description\":\"ISO 3166-1 alpha-2 code\"},\"isDisplayWarning\":true,\"wms\":{\"enabled\":false,\"options\":{\"format\":\"image/png\",\"transparent\":true},\"selectedTmsLayer\":{\"default\":true,\"minZoom\":0,\"maxZoom\":10,\"attribution\":\"\",\"id\":\"TMS in config/kibana.yml\",\"origin\":\"self_hosted\"}},\"mapZoom\":2,\"mapCenter\":[0,0],\"outlineWeight\":1,\"showAllShapes\":true},\"aggs\":[{\"id\":\"1\",\"enabled\":true,\"type\":\"count\",\"schema\":\"metric\",\"params\":{}},{\"id\":\"2\",\"enabled\":true,\"type\":\"terms\",\"schema\":\"segment\",\"params\":{\"field\":\"real_country_code\",\"size\":5,\"order\":\"desc\",\"orderBy\":\"1\",\"otherBucket\":false,\"otherBucketLabel\":\"Other\",\"missingBucket\":false,\"missingBucketLabel\":\"Missing\",\"customLabel\":\"Country\"}}]}",
     "uiStateJSON": "{}",
     "description": "",
     "version": 1,
     "kibanaSavedObjectMeta": {
       "searchSourceJSON": "{\"index\":\"awswaf\",\"query\":{\"query\":\"\",\"language\":\"lucene\"},\"filter\":[]}"
     }
   }
}
