{
        "attributes": {
          "title": "WAFDashboard",
          "hits": 0,
          "description": "",
          "panelsJSON": "[{\"embeddableConfig\":{},\"gridData\":{\"h\":16,\"i\":\"1\",\"w\":8,\"x\":21,\"y\":53},\"id\":\"top10ip\",\"panelIndex\":\"1\",\"type\":\"visualization\",\"version\":\"6.7.0\"},{\"embeddableConfig\":{},\"gridData\":{\"h\":5,\"i\":\"2\",\"w\":8,\"x\":15,\"y\":0},\"id\":\"numberofallrequests\",\"panelIndex\":\"2\",\"type\":\"visualization\",\"version\":\"6.7.0\"},{\"embeddableConfig\":{},\"gridData\":{\"h\":5,\"i\":\"3\",\"w\":8,\"x\":15,\"y\":5},\"id\":\"numberofblockedrequests\",\"panelIndex\":\"3\",\"type\":\"visualization\",\"version\":\"6.7.0\"},{\"embeddableConfig\":{},\"gridData\":{\"h\":10,\"i\":\"4\",\"w\":25,\"x\":23,\"y\":0},\"id\":\"allvsblockedrequests\",\"panelIndex\":\"4\",\"type\":\"visualization\",\"version\":\"6.7.0\"},{\"embeddableConfig\":{},\"gridData\":{\"h\":17,\"i\":\"6\",\"w\":48,\"x\":0,\"y\":19},\"id\":\"allcountries\",\"panelIndex\":\"6\",\"type\":\"visualization\",\"version\":\"6.7.0\"},{\"embeddableConfig\":{},\"gridData\":{\"h\":10,\"i\":\"8\",\"w\":15,\"x\":0,\"y\":0},\"id\":\"executedrules\",\"panelIndex\":\"8\",\"type\":\"visualization\",\"version\":\"6.7.0\"},{\"embeddableConfig\":{},\"gridData\":{\"h\":9,\"i\":\"9\",\"w\":48,\"x\":0,\"y\":10},\"id\":\"filters\",\"panelIndex\":\"9\",\"type\":\"visualization\",\"version\":\"6.7.0\"},{\"embeddableConfig\":{},\"gridData\":{\"h\":16,\"i\":\"10\",\"w\":8,\"x\":29,\"y\":53},\"id\":\"top10countries\",\"panelIndex\":\"10\",\"type\":\"visualization\",\"version\":\"6.7.0\"},{\"embeddableConfig\":{},\"gridData\":{\"h\":16,\"i\":\"11\",\"w\":21,\"x\":0,\"y\":69},\"id\":\"top10useragents\",\"panelIndex\":\"11\",\"type\":\"visualization\",\"version\":\"6.7.0\"},{\"embeddableConfig\":{},\"gridData\":{\"h\":9,\"i\":\"12\",\"w\":20,\"x\":0,\"y\":36},\"id\":\"httpmethods\",\"panelIndex\":\"12\",\"type\":\"visualization\",\"version\":\"6.7.0\"},{\"embeddableConfig\":{},\"gridData\":{\"h\":9,\"i\":\"13\",\"w\":19,\"x\":20,\"y\":36},\"id\":\"httpversions\",\"panelIndex\":\"13\",\"type\":\"visualization\",\"version\":\"6.7.0\"},{\"embeddableConfig\":{},\"gridData\":{\"h\":9,\"i\":\"14\",\"w\":9,\"x\":39,\"y\":36},\"id\":\"uniqueipcount\",\"panelIndex\":\"14\",\"type\":\"visualization\",\"version\":\"6.7.0\"},{\"embeddableConfig\":{},\"gridData\":{\"h\":8,\"i\":\"15\",\"w\":48,\"x\":0,\"y\":45},\"id\":\"requestcount\",\"panelIndex\":\"15\",\"type\":\"visualization\",\"version\":\"6.7.0\"},{\"embeddableConfig\":{},\"gridData\":{\"h\":16,\"i\":\"16\",\"w\":16,\"x\":21,\"y\":69},\"id\":\"top10hosts\",\"panelIndex\":\"16\",\"type\":\"visualization\",\"version\":\"6.7.0\"},{\"embeddableConfig\":{},\"gridData\":{\"h\":16,\"i\":\"17\",\"w\":11,\"x\":37,\"y\":53},\"id\":\"top10webacl\",\"panelIndex\":\"17\",\"type\":\"visualization\",\"version\":\"6.7.0\"},{\"embeddableConfig\":{},\"gridData\":{\"h\":16,\"i\":\"18\",\"w\":11,\"x\":37,\"y\":69},\"id\":\"top10rules\",\"panelIndex\":\"18\",\"type\":\"visualization\",\"version\":\"6.7.0\"},{\"embeddableConfig\":{},\"gridData\":{\"h\":16,\"i\":\"19\",\"w\":21,\"x\":0,\"y\":53},\"id\":\"top10uris\",\"panelIndex\":\"19\",\"type\":\"visualization\",\"version\":\"6.7.0\"}]",
          "optionsJSON": "{\"darkTheme\":false,\"hidePanelTitles\":false,\"useMargins\":true}",
          "version": 1,
          "timeRestore": false,
          "kibanaSavedObjectMeta": {
            "searchSourceJSON": "{\"query\":{\"language\":\"lucene\",\"query\":\"\"},\"filter\":[]}"
          }
         }
     }
